{"format": 3, "thresholdStep": 1.0, "minThreshold": 200.0, "maxThreshold": 201.0, "minRepeatability": 1, "minDistBetweenBlobs": 10.0, "filterByColor": 0, "blobColor": 0, "filterByArea": 1, "minArea": 100.0, "maxArea": 15000.0, "filterByCircularity": 0, "minCircularity": 0.800000011920929, "maxCircularity": 3.4028234663852886e+38, "filterByInertia": 0, "minInertiaRatio": 0.10000000149011612, "maxInertiaRatio": 3.4028234663852886e+38, "filterByConvexity": 0, "minConvexity": 0.949999988079071, "maxConvexity": 3.4028234663852886e+38, "opening_kernel": 10, "NB_FINGER": 4, "color_target": {"upper": [129, 255, 255], "lower": [89, 185, 0]}, "finger_bound": {"upper": [96, 95, 121, 147], "lower": [294, 324, 287, 248]}}